,"@, username",liked post (0/1)
0,endygamedev_,1
1,drobakhinvyacheslav,1
2,vyacheslavcreator,0
3,noktaerien_rsi,0
4,amvitalik,0
5,sasha_prutz,0
6,alb3_6,0
7,hamitov_aleks,1
8,_said.03,0
9,ksushareally,0
10,olshanskaya,0
11,avtowashcar,0
12,satanivan,0
13,andreevskygreg,0
14,sovietblyad,0
15,veta.sheina,0
16,julia_skymbri,0
17,falafelking24,0
18,annkobyakova,0
19,arishauvarova,1
20,meezoone,1
21,viper_tattoo,0
22,a.steputenko,0
23,purpur.loungebar,0
24,yogini_durga,1
25,chereshnya_new,0
26,masha.girl42,0
27,geoorginius,0
28,ksenia_kirillovna,0
29,p_l_us,0
30,box_v_podarok_spb,0
31,slavchik_host,1
32,ann_mokeeva,0
33,anapakavkaz2021,0
34,bron78967,0
35,serdobintseva,0
36,larisabessonova4,0
37,artemij_com,0
38,titova_nasty2701,0
39,gultatty,0
40,galazovazarina,0
41,_58_ternovoyfan,0
42,rasulbekuulukutma,0
43,szemcova8,0
44,__lady._.bag__,0
45,yevgeniybronnikov,1
46,goldiplaya,0
47,iokatype,0
48,alexlurye,0
49,theatraxx,0
50,mia_top_555,1
51,tattoo_li2,0
52,romanovlad,0
53,viktori.videophoto,0
54,lina_st,1
55,shvmpvnskii,1
56,bronnik_555,1
57,jennykor,0
58,proida,1
59,p0p0va__26,0
60,vadimyakushin,1
61,ilyamikki,0
62,olya_the_fire,0
63,speranskayaadelina,0
64,letsgrape,0
65,cvetochnajalavka,0
66,daria.belevtseva,1
67,mapacheyo,1
68,helga_katz,1
69,belle_cherie888,1
70,natali__rsi,1
71,dashaamikhailova,1
72,_fotofresh_,0
73,_alanito_,0
74,viki.chiki,0
75,allight.design,0
76,safron4ik1,1
77,denis_dekor,1
78,aleksei.svechkar,1
79,ama.poli,1
80,simplychips.spb,0
81,sj420fj,0
82,deepak6543kumard,0
83,bro_812,0
84,_vrzalov_,1
85,yana_g69,0
86,mukharyamov_a,1
87,petrus_025,0
88,amigos_de_inst,0
89,denis_sever,1
90,doctor__sergeenko,0
91,miss.__olya,1
92,vovamenkov,1
93,it_iz_cosmos,0
94,mash_a,1
95,fonarnyy_stolb,1
96,daria__fmn,1
97,elizaveta_ferrer,0
98,bachir_wally_1318,0
99,a.kapla,0
100,sneakers_russia,0
101,nastyapeshkova,0
102,tanya.rs,1
103,divoytenko,1
104,fuckingweapon,1
105,partsernyak,1
106,_trifonova_alexandra,1
107,hs_msk,0
108,bhunter955,0
109,ffruckt,1
110,yaevochka,1
111,temacuba,0
112,okruzhendelami,1
113,iosif3703,0
114,english.cognition,1
115,superstarlilpettyman159x,0
116,lukiinha_guiti,0
117,nikita___myagkov,0
118,sigge12344,0
119,kachni_svoi_insta,0
120,_________4ikibym_____________,0
121,leiko.ena,0
122,i_hate_boys9,0
123,aardeny,1
124,thereallisafromthe352,0
125,toot.3x,0
126,fure_furious,0
127,_valentinavi,0
128,football.ded,0
129,alek.sey6061,0
130,tess_ivoire,0
131,paso_ah_paso_tras_detuspasos,0
132,lilpettyman116x,0
133,jodak.j,0
134,markeel_nicholls,0
135,courison10,0
136,bvnvl,0
137,emelyflow25,0
138,jcmusicoffcial,0
139,mehdi.zardkohi,0
140,alberto.elv95,0
141,itss.tazzy24,0
142,sadegh.rezaiiiiiii,0
143,tunchilee1000,0
144,jarielracing,0
145,chocolatecover_cherry,0
146,dot.connector_,0
147,volcompablo,0
148,rolexbany,0
149,it_iz_kosmos,0
150,rasheed__goldd,0
151,x_bandz23,0
152,ybn974,0
153,braverosstreetwear,0
154,fat_free_boy,0
155,appl_etel,0
156,doctor_simanov,0
157,shorvathov111,0
158,zanakaltrina1737,0
159,iq_ak_,0
160,artem__1346,0
161,pupsik_._._._._._,0
162,the_ocean_in_a_storm,0
163,mihailovnanastenka,0
164,vladimir.popovic.3154,0
165,annadavydova568,0
166,siikaa16,0
167,_sonyazarkova_,1
168,muhammadjan_11,0
169,vadimka_franklin,0
170,12_erfd,0
171,wingflex_airbus_a350,0
172,21_your_nightmare_08,0
173,mykola_3339,0
174,sadgang___,0
175,abdullayev_x_,0
176,cris_onniell,0
177,ramone.jz,0
178,waltou12,0
179,chhenheweed,0
180,sulaiman_bibi10,0
181,sumitshinde777,0
182,massimo.rusconi,0
183,fernandosodad,0
184,gabsclart,0
185,aro_raniery,0
186,xx_vladiks,0
187,fernaandogama,0
188,judasandhismanysins,0
189,acharlykhalo.s,1
190,pariiilia,0
191,killingiitt,0
192,dokka.mi,0
193,healthandhairs,0
194,nluneva,1
195,nouredineworkout,0
196,gleb_delaet,1
197,allll.llly,0
198,__instaday__,0
199,al_shum,0
200,topovaya_insta,0
201,brendly02,0
202,a.tubolov,0
203,glorymlory,1
204,vorontsov04,0
205,stars.income,0
206,arthursoulfull,0
207,hayder_u009,0
208,fix.device,0
209,otpechatok_sveta,0
210,karishaayee,0
211,v.suvorov.l,0
212,uzi_benz,0
213,olyajohnsan,1
214,ant__vas,1
215,privet_postryzhusa,0
216,kostya_koles,0
217,yuliaaa2903,0
218,vsu01,1
219,nikonorovandrey,0
220,flexshopru,0
221,manondelangloy,0
222,katebaranchikova,0
223,lerabu,1
224,mikhail_andreevich_p,0
225,sinichka_1201_,1
226,uljanamaksimowna,1
227,georgedenisov,0
228,efimtsevalex,0
229,grishko_spb,1
230,pestovanastya,0
231,vanya_nemtsov,0
232,nviktory,0
233,alexander_2k25,0
234,prosto3a,1
235,vassard,0
236,baykusakm,0
237,lisa_andreeva,1
238,sharovnyaa,0
239,youngchef_da,1
240,mariya__vladislavovna,1
241,4upakov,0
242,anasttasss,0
243,armen_ervandian,1
244,darya___sorokina,0
245,kati_murrr,0
246,leonid_popov,0
247,ivanova_dk,0
248,msoykina,0
249,nefedovdanya,0
250,stepakhunn,1
251,nadyaplushkina,0
252,mashkavladislava,0
253,kimmy.yooo,1
254,vitalexx,0
255,nikitashoko,1
256,el_mikhael,0
257,oleg_ushka,1
258,mash.zzz,0
259,ksensharova,0
260,_yariy_official,1
261,sergani,1
262,pashkabel11,0
263,dashajonas,1
264,maariaguseva,0
265,asapburiy,1
266,anuta_spillo,1
267,ordinarymann47,0
268,makcywaaa,1
269,alexandr_shekhovtsov,1
270,necha88,0
271,danyashorokh,0
272,_dikunya_,0
273,dr.ziminaa,1
274,margosha.alekseeva,1
275,__pavlenka__,0
276,anpryamova,1
277,amirchup,1
278,steprockete,0
279,paulpalkine,0
280,dimasik_m,0
281,setmer.harli,1
282,dima_ulyanov77,0
283,mixazzzzzz,1
284,jooorik,1
285,lizabushueva,1
286,sall_daria,1
287,vsevolod.ulitko,1
288,serega_m21,0
289,aleksahasha,1
290,nataliamoroz,0
291,andruwkasup,0
292,olimpievaa,1
293,jenni.96,1
294,verbitskayav,0
295,e_yakimova,1
296,official_renat,1
297,buryakov,1
298,liana_popil,0
299,klevcovio07,0
300,nikolaev7,1
301,_____drv,0
302,david_pasternak,1
303,valerazld,0
304,anyachichkan,0
305,lizzapavlova,0
306,igorevich9,0
307,iziumovav,1
308,iamullyana,1
309,artemmikhaylov,0
310,mr.alexeevalex,0
311,stei.se,1
312,livoice,1
313,avg_420,0
314,ivan96s,0
315,anna_stolica,0
316,shelest_katya,1
317,netvoyboy,0
318,arkadiysorokin,1
319,alexandervoloshin,0
320,alekseevandrewww,1
321,mityakamee,1
322,hugzeh,1
323,theogllm,1
324,tusha11,1
325,lichni_arhiv,0
326,a.alexandrova,0
327,ptrochka,0
328,linanushtaeva,1
329,anita.huanita,1
330,v.svi,0
331,ilyaehov,0
332,karinaspoiled,0
333,shinkevich_art,1
334,den_pikhtin,0
335,alexandersarvarov,1
336,_lagutin_,0
337,den4ik_v_salat,1
338,moryak.hapay,0
339,yuryvoyt,0
340,govegaspravitmirom,1
341,enigma.s_,1
342,zakharovnikita,1
343,miss.masham,0
344,helenabychkova,1
345,polina_dovydenkova,0
346,11sxe11,0
347,citromon.juli,1
348,kullikovsky,0
349,leo1144,1
350,ars_ilt,0
351,mishamohov,1
352,unakatu,1
353,anechkasemenova,1
354,k.roletskaya,1
355,pavlik_junior,1
356,ro_here_u_know,0
357,kon.raw,1
358,makcibas,1
359,na_kontraste,1
360,evgbye,1
361,d_simonova,1
362,st.pirate,1
363,dn_421,0
364,khasanshin_tr,1
365,alaneznal,1
366,g_arkhipov,1
367,kazhemd,0
368,vygonartem97,0
369,x.taras.x,0
370,mashkass,1
371,shlyapking,1
372,vanyusha7,0
